<application>
  <component name="FindSettings">
    <option name="customScope" value="All Places" />
    <option name="defaultScopeName" value="All Places" />
    <option name="SEARCH_SCOPE" value="All Places" />
    <option name="FILE_MASK" value="*.ts" />
    <mask>*io.ts</mask>
    <mask>*module.ts</mask>
    <mask>app.scss</mask>
    <mask>*.s</mask>
    <mask>*html</mask>
    <mask>core.ts</mask>
    <mask>*.pricing.ts</mask>
    <mask>*scss</mask>
    <mask>*pricing.ts</mask>
    <mask>clientes*.ts</mask>
    <mask>*.cs</mask>
    <mask>*.tsf</mask>
    <mask>*.module.ts</mask>
    <mask>*.json</mask>
    <mask>*.xml</mask>
    <mask>*.css</mask>
    <mask>*.shtml</mask>
    <mask>*.cshtml</mask>
    <mask>*.shtm</mask>
    <mask>*.ng</mask>
    <mask>*.htm</mask>
    <mask>*.sht</mask>
    <mask>*.service</mask>
    <mask>*.ats</mask>
    <mask>*.cjs</mask>
    <mask>*.js</mask>
    <mask>*.*</mask>
    <mask>*.scss</mask>
    <mask>*.html</mask>
    <mask>*.ts</mask>
  </component>
</application>